<eml:eml xmlns:eml="eml://ecoinformatics.org/eml-2.1.1"
         xmlns:dc="http://purl.org/dc/terms/"
         xmlns:xsi="http://www.w3.org/2001/XMLSchema-instance"
         xsi:schemaLocation="eml://ecoinformatics.org/eml-2.1.1 http://rs.gbif.org/schema/eml-gbif-profile/1.1/eml.xsd"
         packageId="ec0d2fe8-21b1-4ab1-8b91-67873e8ca912/v1.4" system="http://gbif.org" scope="system"
         xml:lang="eng">

<dataset>
  <alternateIdentifier>ec0d2fe8-21b1-4ab1-8b91-67873e8ca912</alternateIdentifier>
  <alternateIdentifier>https://www1.usgs.gov/obis-usa/ipt/resource?r=sfmbon_zooplankton</alternateIdentifier>
  <title xml:lang="eng">Time series of zooplankton abundance of the South Florida Program / Sanctuaries Marine Biodiversity Observation Network programs</title>
      <creator>
    <individualName>
        <givenName>Enrique</givenName>
      <surName>Montes</surName>
    </individualName>
    <organizationName>College of Marine Science of the University of South Florida</organizationName>
    <positionName>Research Associate</positionName>
    <electronicMailAddress>emontesh@usf.edu</electronicMailAddress>
      </creator>
      <creator>
    <individualName>
        <givenName>Christopher</givenName>
      <surName>Kelble</surName>
    </individualName>
    <organizationName>Ocean Chemistry and Ecosystems Division, Atlantic Oceanographic and Meteorological Laboratory, National Oceanic and Atmospheric Administration</organizationName>
    <positionName>Deputy Director</positionName>
    <electronicMailAddress>chris.kelble@noaa.gov</electronicMailAddress>
      </creator>
      <creator>
    <individualName>
        <givenName>Frank</givenName>
      <surName>Muller-Karger</surName>
    </individualName>
    <organizationName>College of Marine Science of the University of Florida</organizationName>
    <positionName>Professor</positionName>
    <electronicMailAddress>carib@usf.edu</electronicMailAddress>
      </creator>
      <creator>
    <individualName>
        <givenName>Anni</givenName>
      <surName>Djurhuus</surName>
    </individualName>
    <organizationName>University of the Faroe Islands</organizationName>
    <positionName>Professor</positionName>
    <electronicMailAddress>anni.djurhuus@gmail.com</electronicMailAddress>
      </creator>
      <metadataProvider>
    <individualName>
        <givenName>Enrique</givenName>
      <surName>Montes</surName>
    </individualName>
    <organizationName>College of Marine Science of the University of South Florida</organizationName>
    <positionName>Research Associate</positionName>
    <electronicMailAddress>emontesh@usf.edu</electronicMailAddress>
      </metadataProvider>
      <metadataProvider>
    <individualName>
        <givenName>Christopher</givenName>
      <surName>Kelble</surName>
    </individualName>
    <organizationName>Ocean Chemistry and Ecosystems Division, Atlantic Oceanographic and Meteorological Laboratory, National Oceanic and Atmospheric Administration</organizationName>
    <positionName>Deputy Director</positionName>
    <electronicMailAddress>chris.kelble@noaa.gov</electronicMailAddress>
      </metadataProvider>
      <metadataProvider>
    <individualName>
        <givenName>Frank</givenName>
      <surName>Muller-Karger</surName>
    </individualName>
    <organizationName>College of Marine Science of the University of South Florida</organizationName>
    <positionName>Professor</positionName>
    <electronicMailAddress>carib@usf.edu</electronicMailAddress>
      </metadataProvider>
      <metadataProvider>
    <individualName>
        <givenName>Anni</givenName>
      <surName>Djurhuus</surName>
    </individualName>
    <organizationName>University of the Faroe Islands</organizationName>
    <positionName>Professor</positionName>
    <electronicMailAddress>anni.djurhuus@gmail.com</electronicMailAddress>
      </metadataProvider>
      <associatedParty>
    <individualName>
        <givenName>Abigail</givenName>
      <surName>Benson</surName>
    </individualName>
    <electronicMailAddress>albenson@usgs.gov</electronicMailAddress>
    <role>publisher</role>
      </associatedParty>
      <associatedParty>
    <individualName>
        <givenName>Tylar</givenName>
      <surName>Murray</surName>
    </individualName>
    <organizationName>College of Marine Science of the University of South Florida</organizationName>
    <positionName>Systems and Software Engineer</positionName>
    <electronicMailAddress>tylarmurray@mail.usf.edu</electronicMailAddress>
    <role>processor</role>
      </associatedParty>
  <pubDate>
      2021-08-25
  </pubDate>
  <language>eng</language>
  <abstract>
    <para>Sampling is carried out bi-monthly on the R/V Walton Smith (University of Miami) as part of the South Florida Program (NOAA Atlantic Oceanographic and Meteorological Laboratory/ AOML) and the Marine Biodiversity Observation Network (MBON). Samples are collected at three stations: Molasses Reef (25.051638 N, 280.22858 W), Looe Key (24.323028 N, 281.248068 W), and Western Sambo (24.286048 N, 281.428898 W). At each station, horizontal hauls (surface water) are performed with 64, 200, and 500 mm mesh size Bongo plankton nets. Each net tow is carried out for 5 min at 1 knot. The three size classes are split using a Folsom plankton splitter and preserved with 15 % formalin for morphological analysis. Morphological identification follow the protocols of the International Council for the Exploration of the Sea (ICES) (Roger et al. 2000) targeting a minimum count of 200 animals per sample. For the 64 and 200 mm net tows, a 5–10 mL aliquot is subsampled after resuspension of 300 ml of the original zooplankton sample using a Stempel pipette. Zooplankton are then identified and counted using a microscope. Zooplankton are identified to the lowest taxonomic level possible. Zooplankton abundances (density; individuals m-3) are calculated by dividing animal counts by the product of net mouth area, tow speed, and tow duration (i.e., volume of water filtered by the net). Abundances of gastropods, the copepod order Harpacticoida, and the genera Paracalanus and Oithona are converted to biomass after Kelble et al. (2010).</para>
  </abstract>
      <keywordSet>
            <keyword>Occurrence</keyword>
        <keywordThesaurus>GBIF Dataset Type Vocabulary: http://rs.gbif.org/vocabulary/gbif/dataset_type.xml</keywordThesaurus>
      </keywordSet>
      <keywordSet>
            <keyword>Occurrence</keyword>
        <keywordThesaurus>GBIF Dataset Type Vocabulary: http://rs.gbif.org/vocabulary/gbif/dataset_type_2015-07-10.xml</keywordThesaurus>
      </keywordSet>
  <additionalInfo>
    <para>marine, harvest by OBIS</para>
  </additionalInfo>
  <intellectualRights>
    <para>This work is licensed under a <ulink url="http://creativecommons.org/licenses/by/4.0/legalcode"><citetitle>Creative Commons Attribution (CC-BY) 4.0 License</citetitle></ulink>.</para>
  </intellectualRights>
  <distribution scope="document">
    <online>
      <url function="information">https://www.sciencebase.gov/catalog/item/5e6ab053e4b01d509260e90b</url>
    </online>
  </distribution>
  <coverage>
      <geographicCoverage>
          <geographicDescription>Molasses Reef, Looe Key, and Western Sambo, South Florida, US</geographicDescription>
        <boundingCoordinates>
          <westBoundingCoordinate>-81.715</westBoundingCoordinate>
          <eastBoundingCoordinate>-80.379</eastBoundingCoordinate>
          <northBoundingCoordinate>25.006</northBoundingCoordinate>
          <southBoundingCoordinate>24.476</southBoundingCoordinate>
        </boundingCoordinates>
      </geographicCoverage>
  </coverage>
  <maintenance>
    <description>
      <para></para>
    </description>
    <maintenanceUpdateFrequency>unkown</maintenanceUpdateFrequency>
  </maintenance>

      <contact>
    <individualName>
        <givenName>Enrique</givenName>
      <surName>Montes</surName>
    </individualName>
    <organizationName>College of Marine Science of the University of South Florida</organizationName>
    <positionName>Research Associate</positionName>
    <electronicMailAddress>emontesh@usf.edu</electronicMailAddress>
      </contact>
      <contact>
    <individualName>
        <givenName>Christopher</givenName>
      <surName>Kelble</surName>
    </individualName>
    <organizationName>Ocean Chemistry and Ecosystems Division, Atlantic Oceanographic and Meteorological Laboratory, National Oceanic and Atmospheric Administration</organizationName>
    <positionName>Deputy Director</positionName>
    <electronicMailAddress>chris.kelble@noaa.gov</electronicMailAddress>
      </contact>
      <contact>
    <individualName>
        <givenName>Frank</givenName>
      <surName>Muller-Karger</surName>
    </individualName>
    <organizationName>College of Marine Science of the University of South Florida</organizationName>
    <positionName>Professor</positionName>
    <electronicMailAddress>carib@usf.edu</electronicMailAddress>
      </contact>
      <contact>
    <individualName>
        <givenName>Anni</givenName>
      <surName>Djurhuus</surName>
    </individualName>
    <organizationName>University of the Faroe Islands</organizationName>
    <positionName>Professor</positionName>
    <electronicMailAddress>anni.djurhuus@gmail.com</electronicMailAddress>
      </contact>
</dataset>
  <additionalMetadata>
    <metadata>
      <gbif>
          <dateStamp>2020-03-10T08:02:43.304+00:00</dateStamp>
          <hierarchyLevel>dataset</hierarchyLevel>
            <citation>Montes E, Kelble C, Muller-Karger F, Djurhuus A (2020). Time series of zooplankton abundance of the South Florida Program / Sanctuaries Marine Biodiversity Observation Network programs. Version 1.1. United States Geological Survey. Occurrence dataset https://doi.org/10.15468/buqg4u.</citation>
          <dc:replaces>ec0d2fe8-21b1-4ab1-8b91-67873e8ca912/v1.4.xml</dc:replaces>
      </gbif>
    </metadata>
  </additionalMetadata>
</eml:eml>
